{
    "learning_rate": 0.06125243095979619,
    "depth": 12,
    "l2_leaf_reg": 0.9056836318834479,
    "random_strength": 1.2210487322804207,
    "iterations": 659,
    "loss_function": "RMSE"
}